Content_ID,Title,Category,Release_Year
K001,Content_Title_1,Webtoon,2023
K002,Content_Title_2,Game,2022
K003,Content_Title_3,Variety Show,2020
K004,Content_Title_4,Drama/Movie,2023
K005,Content_Title_5,Webtoon,2025
K006,Content_Title_6,Webtoon,2023
K007,Content_Title_7,Webtoon,2025
K008,Content_Title_8,Game,2022
K009,Content_Title_9,Drama/Movie,2025
K010,Content_Title_10,Variety Show,2020
K011,Content_Title_11,Webtoon,2022
K012,Content_Title_12,Game,2020
K013,Content_Title_13,Game,2024
K014,Content_Title_14,Webtoon,2021
K015,Content_Title_15,Webtoon,2025
K016,Content_Title_16,Webtoon,2021
K017,Content_Title_17,Webtoon,2021
K018,Content_Title_18,Drama/Movie,2025
K019,Content_Title_19,Drama/Movie,2022
K020,Content_Title_20,Webtoon,2024
K021,Content_Title_21,Drama/Movie,2020
K022,Content_Title_22,Webtoon,2023
K023,Content_Title_23,Webtoon,2020
K024,Content_Title_24,Webtoon,2023
K025,Content_Title_25,Drama/Movie,2020
K026,Content_Title_26,Variety Show,2025
K027,Content_Title_27,Webtoon,2024
K028,Content_Title_28,Drama/Movie,2023
K029,Content_Title_29,Drama/Movie,2026
K030,Content_Title_30,Webtoon,2022
K031,Content_Title_31,Drama/Movie,2020
K032,Content_Title_32,Webtoon,2020
K033,Content_Title_33,Webtoon,2023
K034,Content_Title_34,Game,2022
K035,Content_Title_35,Game,2022
K036,Content_Title_36,Game,2025
K037,Content_Title_37,Webtoon,2026
K038,Content_Title_38,Webtoon,2025
K039,Content_Title_39,Drama/Movie,2025
K040,Content_Title_40,Drama/Movie,2025
K041,Content_Title_41,Webtoon,2025
K042,Content_Title_42,Drama/Movie,2025
K043,Content_Title_43,Webtoon,2024
K044,Content_Title_44,Game,2022
K045,Content_Title_45,Webtoon,2025
K046,Content_Title_46,Drama/Movie,2022
K047,Content_Title_47,Webtoon,2022
K048,Content_Title_48,Drama/Movie,2021
K049,Content_Title_49,Drama/Movie,2024
K050,Content_Title_50,Webtoon,2025
K051,Content_Title_51,Game,2020
K052,Content_Title_52,Variety Show,2023
K053,Content_Title_53,Game,2026
K054,Content_Title_54,Game,2020
K055,Content_Title_55,Drama/Movie,2024
K056,Content_Title_56,Game,2023
K057,Content_Title_57,Webtoon,2024
K058,Content_Title_58,Webtoon,2022
K059,Content_Title_59,Webtoon,2023
K060,Content_Title_60,Webtoon,2022
K061,Content_Title_61,Webtoon,2020
K062,Content_Title_62,Webtoon,2020
K063,Content_Title_63,Game,2023
K064,Content_Title_64,Webtoon,2023
K065,Content_Title_65,Webtoon,2025
K066,Content_Title_66,Drama/Movie,2024
K067,Content_Title_67,Webtoon,2025
K068,Content_Title_68,Game,2024
K069,Content_Title_69,Webtoon,2025
K070,Content_Title_70,Game,2022
K071,Content_Title_71,Variety Show,2023
K072,Content_Title_72,Webtoon,2020
K073,Content_Title_73,Webtoon,2024
K074,Content_Title_74,Game,2024
K075,Content_Title_75,Variety Show,2020
K076,Content_Title_76,Variety Show,2025
K077,Content_Title_77,Variety Show,2024
K078,Content_Title_78,Webtoon,2026
K079,Content_Title_79,Webtoon,2022
K080,Content_Title_80,Webtoon,2023
K081,Content_Title_81,Game,2020
K082,Content_Title_82,Drama/Movie,2023
K083,Content_Title_83,Webtoon,2026
K084,Content_Title_84,Webtoon,2024
K085,Content_Title_85,Webtoon,2024
K086,Content_Title_86,Webtoon,2026
K087,Content_Title_87,Variety Show,2020
K088,Content_Title_88,Drama/Movie,2022
K089,Content_Title_89,Game,2021
K090,Content_Title_90,Drama/Movie,2020
K091,Content_Title_91,Webtoon,2021
K092,Content_Title_92,Variety Show,2026
K093,Content_Title_93,Variety Show,2025
K094,Content_Title_94,Drama/Movie,2021
K095,Content_Title_95,Variety Show,2022
K096,Content_Title_96,Drama/Movie,2025
K097,Content_Title_97,Drama/Movie,2021
K098,Content_Title_98,Drama/Movie,2026
K099,Content_Title_99,Webtoon,2025
K100,Content_Title_100,Webtoon,2026
K101,Content_Title_101,Webtoon,2021
K102,Content_Title_102,Drama/Movie,2026
K103,Content_Title_103,Webtoon,2022
K104,Content_Title_104,Drama/Movie,2021
K105,Content_Title_105,Game,2021
K106,Content_Title_106,Webtoon,2021
K107,Content_Title_107,Drama/Movie,2020
K108,Content_Title_108,Variety Show,2020
K109,Content_Title_109,Webtoon,2020
K110,Content_Title_110,Webtoon,2022
K111,Content_Title_111,Webtoon,2025
K112,Content_Title_112,Webtoon,2026
K113,Content_Title_113,Game,2024
K114,Content_Title_114,Game,2021
K115,Content_Title_115,Drama/Movie,2026
K116,Content_Title_116,Game,2021
K117,Content_Title_117,Game,2022
K118,Content_Title_118,Webtoon,2021
K119,Content_Title_119,Game,2020
K120,Content_Title_120,Drama/Movie,2024
K121,Content_Title_121,Game,2023
K122,Content_Title_122,Game,2021
K123,Content_Title_123,Webtoon,2026
K124,Content_Title_124,Webtoon,2020
K125,Content_Title_125,Webtoon,2023
K126,Content_Title_126,Drama/Movie,2024
K127,Content_Title_127,Game,2023
K128,Content_Title_128,Game,2020
K129,Content_Title_129,Webtoon,2025
K130,Content_Title_130,Drama/Movie,2025
K131,Content_Title_131,Drama/Movie,2023
K132,Content_Title_132,Webtoon,2022
K133,Content_Title_133,Webtoon,2026
K134,Content_Title_134,Webtoon,2026
K135,Content_Title_135,Game,2023
K136,Content_Title_136,Webtoon,2021
K137,Content_Title_137,Drama/Movie,2021
K138,Content_Title_138,Variety Show,2026
K139,Content_Title_139,Webtoon,2026
K140,Content_Title_140,Game,2025
K141,Content_Title_141,Game,2022
K142,Content_Title_142,Webtoon,2020
K143,Content_Title_143,Drama/Movie,2021
K144,Content_Title_144,Webtoon,2026
K145,Content_Title_145,Webtoon,2025
K146,Content_Title_146,Webtoon,2024
K147,Content_Title_147,Drama/Movie,2025
K148,Content_Title_148,Drama/Movie,2021
K149,Content_Title_149,Webtoon,2021
K150,Content_Title_150,Webtoon,2025
K151,Content_Title_151,Game,2020
K152,Content_Title_152,Webtoon,2023
K153,Content_Title_153,Webtoon,2021
K154,Content_Title_154,Drama/Movie,2025
K155,Content_Title_155,Game,2026
K156,Content_Title_156,Webtoon,2025
K157,Content_Title_157,Drama/Movie,2022
K158,Content_Title_158,Variety Show,2023
K159,Content_Title_159,Webtoon,2024
K160,Content_Title_160,Variety Show,2020
K161,Content_Title_161,Webtoon,2024
K162,Content_Title_162,Drama/Movie,2023
K163,Content_Title_163,Drama/Movie,2023
K164,Content_Title_164,Drama/Movie,2023
K165,Content_Title_165,Webtoon,2024
K166,Content_Title_166,Game,2026
K167,Content_Title_167,Webtoon,2023
K168,Content_Title_168,Webtoon,2025
K169,Content_Title_169,Webtoon,2024
K170,Content_Title_170,Drama/Movie,2023
K171,Content_Title_171,Drama/Movie,2025
K172,Content_Title_172,Webtoon,2026
K173,Content_Title_173,Drama/Movie,2022
K174,Content_Title_174,Webtoon,2026
K175,Content_Title_175,Drama/Movie,2023
K176,Content_Title_176,Webtoon,2024
K177,Content_Title_177,Drama/Movie,2021
K178,Content_Title_178,Webtoon,2023
K179,Content_Title_179,Game,2021
K180,Content_Title_180,Webtoon,2025
K181,Content_Title_181,Webtoon,2022
K182,Content_Title_182,Webtoon,2020
K183,Content_Title_183,Game,2026
K184,Content_Title_184,Game,2022
K185,Content_Title_185,Webtoon,2023
K186,Content_Title_186,Drama/Movie,2021
K187,Content_Title_187,Game,2026
K188,Content_Title_188,Drama/Movie,2021
K189,Content_Title_189,Drama/Movie,2024
K190,Content_Title_190,Webtoon,2021
K191,Content_Title_191,Webtoon,2024
K192,Content_Title_192,Game,2025
K193,Content_Title_193,Game,2026
K194,Content_Title_194,Drama/Movie,2026
K195,Content_Title_195,Webtoon,2020
K196,Content_Title_196,Webtoon,2023
K197,Content_Title_197,Variety Show,2024
K198,Content_Title_198,Game,2020
K199,Content_Title_199,Game,2021
K200,Content_Title_200,Variety Show,2021
