Product_ID,Factory,Battery_Life_Hours
BAT_0001,A,24.248357076505616
BAT_0002,A,23.93086784941441
BAT_0003,A,24.323844269050348
BAT_0004,A,24.76151492820401
BAT_0005,A,23.882923312638333
BAT_0006,A,23.88293152152541
BAT_0007,A,24.789606407753695
BAT_0008,A,24.383717364576455
BAT_0009,A,23.765262807032524
BAT_0010,A,24.271280021792982
BAT_0011,A,23.76829115359377
BAT_0012,A,23.76713512321487
BAT_0013,A,24.120981135783016
BAT_0014,A,23.0433598776711
BAT_0015,A,23.137541083743482
BAT_0016,A,23.718856235379512
BAT_0017,A,23.493584439832787
BAT_0018,A,24.157123666297636
BAT_0019,A,23.545987962239394
BAT_0020,A,23.293848149332355
BAT_0021,A,24.732824384460777
BAT_0022,A,23.88711184975673
BAT_0023,A,24.033764102343962
BAT_0024,A,23.287625906893272
BAT_0025,A,23.727808637737407
BAT_0026,A,24.055461294854933
BAT_0027,A,23.424503211288847
BAT_0028,A,24.187849009172837
BAT_0029,A,23.6996806550406
BAT_0030,A,23.854153125103362
BAT_0031,A,23.6991466938853
BAT_0032,A,24.92613909225447
BAT_0033,A,23.993251387631034
BAT_0034,A,23.47114453552205
BAT_0035,A,24.411272456051595
BAT_0036,A,23.38957817501449
BAT_0037,A,24.10443179750238
BAT_0038,A,23.020164938060113
BAT_0039,A,23.335906975550785
BAT_0040,A,24.09843061793456
BAT_0041,A,24.369233289997705
BAT_0042,A,24.085684140594985
BAT_0043,A,23.94217585880588
BAT_0044,A,23.849448152205355
BAT_0045,A,23.260739004816287
BAT_0046,A,23.640077895802644
BAT_0047,A,23.769680614520105
BAT_0048,A,24.528561113109458
BAT_0049,A,24.17180914478423
BAT_0050,A,23.118479922318635
BAT_0051,A,24.162041984697396
BAT_0052,A,23.807458859791844
BAT_0053,A,23.66153899984702
BAT_0054,A,24.305838144420434
BAT_0055,A,24.515499761247977
BAT_0056,A,24.465640059558098
BAT_0057,A,23.580391238388682
BAT_0058,A,23.84539381207439
BAT_0059,A,24.16563171570178
BAT_0060,A,24.48777256356118
BAT_0061,A,23.760412881077354
BAT_0062,A,23.90717051166809
BAT_0063,A,23.446832512996984
BAT_0064,A,23.401896687959663
BAT_0065,A,24.4062629111971
BAT_0066,A,24.678120014285412
BAT_0067,A,23.963994939209833
BAT_0068,A,24.50176644894601
BAT_0069,A,24.18081801252382
BAT_0070,A,23.677440122697437
BAT_0071,A,24.180697802754207
BAT_0072,A,24.769018283232985
BAT_0073,A,23.982086980445025
BAT_0074,A,24.782321827907005
BAT_0075,A,22.690127447955128
BAT_0076,A,24.410951252187612
BAT_0077,A,24.043523534119085
BAT_0078,A,23.850496324767064
BAT_0079,A,24.04588038826775
BAT_0080,A,23.006215542699554
BAT_0081,A,23.890164056081243
BAT_0082,A,24.178556285755874
BAT_0083,A,24.73894702237076
BAT_0084,A,23.740864890863175
BAT_0085,A,23.595753198553407
BAT_0086,A,23.74912147820773
BAT_0087,A,24.457701058851036
BAT_0088,A,24.164375554829842
BAT_0089,A,23.73511989811648
BAT_0090,A,24.256633716556678
BAT_0091,A,24.04853877467402
BAT_0092,A,24.484322495266444
BAT_0093,A,23.648973453061323
BAT_0094,A,23.836168926701117
BAT_0095,A,23.803945923433922
BAT_0096,A,23.268242525933942
BAT_0097,A,24.148060138532287
BAT_0098,A,24.130527636089944
BAT_0099,A,24.00255672832123
BAT_0100,A,23.882706433312425
BAT_0101,A,23.292314628974793
BAT_0102,A,23.78967733861732
BAT_0103,A,23.828642741736616
BAT_0104,A,23.59886136538919
BAT_0105,A,23.919357144166995
BAT_0106,A,24.202025428407268
BAT_0107,A,24.943092950605266
BAT_0108,A,24.08728890641592
BAT_0109,A,24.12877519536138
BAT_0110,A,23.962777042116915
BAT_0111,A,23.04061439235048
BAT_0112,A,23.98674306227539
BAT_0113,A,24.030115104970513
BAT_0114,A,25.231621056242645
BAT_0115,A,23.90381951760944
BAT_0116,A,24.150773671166807
BAT_0117,A,23.982644115147377
BAT_0118,A,23.415660981190236
BAT_0119,A,24.57141140725751
BAT_0120,A,24.375966516343386
BAT_0121,A,24.395515973521523
BAT_0122,A,23.54530627260263
BAT_0123,A,24.70139715546805
BAT_0124,A,23.29907446860386
BAT_0125,A,24.293428546900135
BAT_0126,A,25.09522781290499
BAT_0127,A,23.504731837434655
BAT_0128,A,23.716851135198613
BAT_0129,A,24.04982568254382
BAT_0130,A,23.7482621729419
BAT_0131,A,23.224668284466933
BAT_0132,A,24.034281487403014
BAT_0133,A,23.46884814313695
BAT_0134,A,24.23679621531759
BAT_0135,A,23.5402878828831
BAT_0136,A,24.77496720250877
BAT_0137,A,23.608373353831883
BAT_0138,A,23.83896924189716
BAT_0139,A,24.406758608684836
BAT_0140,A,23.38456784178302
BAT_0141,A,24.113729967302064
BAT_0142,A,24.653571377141215
BAT_0143,A,23.196258382719385
BAT_0144,A,24.09231692926615
BAT_0145,A,24.129941397124213
BAT_0146,A,24.390911435888654
BAT_0147,A,23.381524644560958
BAT_0148,A,23.339771693457863
BAT_0149,A,24.26097078280845
BAT_0150,A,24.14849233661659
BAT_0151,A,24.12524642517294
BAT_0152,A,24.17322410474849
BAT_0153,A,23.659987639210755
BAT_0154,A,24.116126848580503
BAT_0155,A,24.14653623664934
BAT_0156,A,23.642824290986816
BAT_0157,A,24.93288725557238
BAT_0158,A,24.236916460455895
BAT_0159,A,23.404348251398677
BAT_0160,A,24.328276804316914
BAT_0161,A,23.51265916488634
BAT_0162,A,24.393542301871225
BAT_0163,A,24.579297789503702
BAT_0164,A,23.589658840824146
BAT_0165,A,24.481688064622162
BAT_0166,A,24.20639046346825
BAT_0167,A,24.411030079997246
BAT_0168,A,24.948396491326974
BAT_0169,A,23.877305941998564
BAT_0170,A,23.623131917821254
BAT_0171,A,23.55524278518724
BAT_0172,A,23.59209485751728
BAT_0173,A,23.96144914529295
BAT_0174,A,24.170575987408323
BAT_0175,A,24.13834539966501
BAT_0176,A,24.413591624518013
BAT_0177,A,24.006500945938953
BAT_0178,A,24.726767038578657
BAT_0179,A,23.86767158338102
BAT_0180,A,25.36008458329481
BAT_0181,A,24.312833673882505
BAT_0182,A,23.57142122179186
BAT_0183,A,23.464553750969444
BAT_0184,A,24.241236207621593
BAT_0185,A,23.888268607337075
BAT_0186,A,24.357000247046045
BAT_0187,A,24.23661881228677
BAT_0188,A,23.963585543671563
BAT_0189,A,23.576603140965798
BAT_0190,A,23.242576387657067
BAT_0191,A,23.77674252396649
BAT_0192,A,24.428199397161737
BAT_0193,A,24.1070468720651
BAT_0194,A,23.377130610644006
BAT_0195,A,24.086590462925592
BAT_0196,A,24.19265868986442
BAT_0197,A,23.558071281899434
BAT_0198,A,24.076862552972763
BAT_0199,A,24.029104359223
BAT_0200,A,23.42851485108469
BAT_0201,A,24.17889368017414
BAT_0202,A,24.28039226318412
BAT_0203,A,24.54152562158764
BAT_0204,A,24.526901026017452
BAT_0205,A,23.311165316021455
BAT_0206,A,23.531087480042437
BAT_0207,A,24.25751763360433
BAT_0208,A,24.256892975456104
BAT_0209,A,24.257523843153024
BAT_0210,A,25.92636574532736
BAT_0211,A,24.285445255346584
BAT_0212,A,24.5677828200903
BAT_0213,A,24.4770008817466
BAT_0214,A,24.325695625652898
BAT_0215,A,23.842365377679826
BAT_0216,A,24.379484610246635
BAT_0217,A,23.613587392731215
BAT_0218,A,23.881590696629996
BAT_0219,A,23.75731822608545
BAT_0220,A,24.04093706969316
BAT_0221,A,25.157329283336754
BAT_0222,A,23.066367403704128
BAT_0223,A,24.343130095187256
BAT_0224,A,23.193642064405175
BAT_0225,A,23.764034067105282
BAT_0226,A,24.544475298483682
BAT_0227,A,24.03214000954773
BAT_0228,A,23.461127611035348
BAT_0229,A,23.642348145370015
BAT_0230,A,24.339798874467338
BAT_0231,A,23.63481668414143
BAT_0232,A,24.108229294790988
BAT_0233,A,24.022785919951907
BAT_0234,A,23.674199826197093
BAT_0235,A,25.07197204466266
BAT_0236,A,24.316959511159006
BAT_0237,A,22.987428706671196
BAT_0238,A,24.093227157384714
BAT_0239,A,23.669106767615805
BAT_0240,A,24.426216667398112
BAT_0241,A,23.60373963078365
BAT_0242,A,23.942631779266552
BAT_0243,A,24.25249363949023
BAT_0244,A,24.43287759708506
BAT_0245,A,23.399851796472113
BAT_0246,A,23.832749382079527
BAT_0247,A,23.76252734441952
BAT_0248,A,23.673335383713145
BAT_0249,A,24.882727120140547
BAT_0250,A,24.202490855480477
BAT_0251,A,23.36955802283248
BAT_0252,A,24.458930973527387
BAT_0253,A,25.061078098506318
BAT_0254,A,24.516232630275574
BAT_0255,A,23.240315017022994
BAT_0256,A,23.757882963566875
BAT_0257,A,24.633455574593313
BAT_0258,A,23.64616526719061
BAT_0259,A,24.221909714073114
BAT_0260,A,24.38731702671467
BAT_0261,A,23.53653476421096
BAT_0262,A,23.9702373219691
BAT_0263,A,22.379366329965464
BAT_0264,A,23.487806179332853
BAT_0265,A,23.87371592430342
BAT_0266,A,23.376108409017576
BAT_0267,A,24.816205651965817
BAT_0268,A,23.284929311019685
BAT_0269,A,23.77997775665151
BAT_0270,A,24.065370288643045
BAT_0271,A,24.72063664453306
BAT_0272,A,23.28206892441028
BAT_0273,A,24.58158187607748
BAT_0274,A,24.00511653050979
BAT_0275,A,23.509245674476023
BAT_0276,A,24.231051737131637
BAT_0277,A,24.099529847786734
BAT_0278,A,23.699891561420603
BAT_0279,A,24.034901042495008
BAT_0280,A,23.807343201569118
BAT_0281,A,24.056758672625623
BAT_0282,A,24.331065337260522
BAT_0283,A,24.793008408072676
BAT_0284,A,23.381092250586576
BAT_0285,A,25.066516687328132
BAT_0286,A,23.02395610023875
BAT_0287,A,23.924107452482207
BAT_0288,A,24.294158603242288
BAT_0289,A,24.140495933867516
BAT_0290,A,23.688650240089704
BAT_0291,A,23.89593887482136
BAT_0292,A,23.753499532670585
BAT_0293,A,23.705317621527893
BAT_0294,A,24.424801048510513
BAT_0295,A,24.178507742982525
BAT_0296,A,23.653545202369674
BAT_0297,A,24.449799937716627
BAT_0298,A,24.153649760438306
BAT_0299,A,24.40643105941948
BAT_0300,A,24.314814420961806
BAT_0301,A,23.585502494538964
BAT_0302,A,23.719909479901514
BAT_0303,A,24.37364680256163
BAT_0304,A,24.305185132716733
BAT_0305,A,23.989549203017926
BAT_0306,A,24.05866369165439
BAT_0307,A,24.638832447894213
BAT_0308,A,23.704214305582084
BAT_0309,A,24.27354869058502
BAT_0310,A,23.898903673783053
BAT_0311,A,23.89115939838639
BAT_0312,A,24.549388425993595
BAT_0313,A,24.412708174494014
BAT_0314,A,24.40675481800032
BAT_0315,A,24.652739403577165
BAT_0316,A,24.01050192081638
BAT_0317,A,24.34097648564748
BAT_0318,A,23.84486662170327
BAT_0319,A,24.16208317624422
BAT_0320,A,23.934928472816157
BAT_0321,A,24.048497982496357
BAT_0322,A,24.297578512718456
BAT_0323,A,23.590889658383265
BAT_0324,A,25.04619363784273
BAT_0325,A,23.49699130925015
BAT_0326,A,23.392905693606135
BAT_0327,A,24.579055436750036
BAT_0328,A,24.395831346981467
BAT_0329,A,24.312059908526077
BAT_0330,A,24.31417275463214
BAT_0331,A,23.993876613576543
BAT_0332,A,23.551372814257086
BAT_0333,A,24.037902279096862
BAT_0334,A,23.661419144243943
BAT_0335,A,24.487559866708875
BAT_0336,A,23.92647130924893
BAT_0337,A,23.587251401603744
BAT_0338,A,23.839307079173505
BAT_0339,A,24.20646572713781
BAT_0340,A,23.718137723598012
BAT_0341,A,23.588889802216784
BAT_0342,A,24.121843605745955
BAT_0343,A,24.12248328555436
BAT_0344,A,23.746528412314436
BAT_0345,A,23.76448084719084
BAT_0346,A,24.11602496867882
BAT_0347,A,23.27595782925134
BAT_0348,A,23.296268112811724
BAT_0349,A,23.640777889373783
BAT_0350,A,23.893276424144076
BAT_0351,A,24.155453782799004
BAT_0352,A,24.737678108474775
BAT_0353,A,24.42882981160101
BAT_0354,A,23.920030735018287
BAT_0355,A,23.990491896048656
BAT_0356,A,23.498735317681096
BAT_0357,A,23.990743432003804
BAT_0358,A,23.85567068053993
BAT_0359,A,24.161359280169044
BAT_0360,A,23.58638452822384
BAT_0361,A,24.259673257120586
BAT_0362,A,24.766369456501288
BAT_0363,A,23.94561992577157
BAT_0364,A,24.200855861049472
BAT_0365,A,24.345071995855555
BAT_0366,A,23.799389764057082
BAT_0367,A,24.112046240905208
BAT_0368,A,24.006296200390896
BAT_0369,A,24.048838049274416
BAT_0370,A,23.613495108072268
BAT_0371,A,24.01225508712947
BAT_0372,A,24.248999145622726
BAT_0373,A,24.72557180389752
BAT_0374,A,24.479635413042605
BAT_0375,A,25.076591228755778
BAT_0376,A,23.616326218555976
BAT_0377,A,24.43616031836034
BAT_0378,A,24.091671002869177
BAT_0379,A,25.094901466608835
BAT_0380,A,23.595850857322425
BAT_0381,A,23.58013907890961
BAT_0382,A,23.70030367727799
BAT_0383,A,22.938052137845098
BAT_0384,A,23.73712248915962
BAT_0385,A,23.62043366922315
BAT_0386,A,24.075196893238104
BAT_0387,A,24.17087798788858
BAT_0388,A,24.938085419607944
BAT_0389,A,24.475211919093024
BAT_0390,A,23.711548172168797
BAT_0391,A,23.550792664325822
BAT_0392,A,24.24595958575325
BAT_0393,A,23.33988339648968
BAT_0394,A,24.915729382927175
BAT_0395,A,24.589720060360644
BAT_0396,A,23.76541217394765
BAT_0397,A,23.14343273545456
BAT_0398,A,24.676936187082706
BAT_0399,A,23.942730077373692
BAT_0400,A,24.61890815598673
BAT_0401,A,23.202786170602817
BAT_0402,A,23.700312488523114
BAT_0403,A,24.002621849859093
BAT_0404,A,24.023490296882372
BAT_0405,A,23.77496726426038
BAT_0406,A,24.31142496617375
BAT_0407,A,23.466189785308703
BAT_0408,A,23.928810257489353
BAT_0409,A,24.06014781585595
BAT_0410,A,24.257219417029376
BAT_0411,A,24.355807439044444
BAT_0412,A,23.437678954081065
BAT_0413,A,23.23294291463219
BAT_0414,A,24.638838410949255
BAT_0415,A,24.166157005989795
BAT_0416,A,23.625756731721722
BAT_0417,A,24.77557598776126
BAT_0418,A,24.05783731714643
BAT_0419,A,24.589648592031914
BAT_0420,A,24.033759240705056
BAT_0421,A,25.030373962440994
BAT_0422,A,24.8776704212216
BAT_0423,A,23.875517925760462
BAT_0424,A,24.48578547547718
BAT_0425,A,24.322687974792572
BAT_0426,A,24.684315778766173
BAT_0427,A,23.51753826970995
BAT_0428,A,24.34302572999922
BAT_0429,A,24.529212243424794
BAT_0430,A,23.12063025678844
BAT_0431,A,23.408370743667113
BAT_0432,A,22.98038391111995
BAT_0433,A,23.86529658277772
BAT_0434,A,24.35877112789798
BAT_0435,A,24.751178526048015
BAT_0436,A,24.03704739020989
BAT_0437,A,24.814307772785646
BAT_0438,A,23.309949270892556
BAT_0439,A,23.148308780322424
BAT_0440,A,23.97222615055169
BAT_0441,A,24.192032724469655
BAT_0442,A,23.983652625952953
BAT_0443,A,22.96627894998006
BAT_0444,A,23.955439980243607
BAT_0445,A,23.347765249747575
BAT_0446,A,24.334836274415018
BAT_0447,A,24.183299123048425
BAT_0448,A,23.530060106836324
BAT_0449,A,23.743066541331654
BAT_0450,A,23.470393239055525
BAT_0451,A,23.968660451363416
BAT_0452,A,24.47757116025062
BAT_0453,A,23.50713697683223
BAT_0454,A,24.25202325775892
BAT_0455,A,23.73487119081378
BAT_0456,A,23.603563583868826
BAT_0457,A,23.94648482002272
BAT_0458,A,23.482378838790314
BAT_0459,A,23.72317534732641
BAT_0460,A,23.401061053705575
BAT_0461,A,24.982362566458196
BAT_0462,A,24.017631775985866
BAT_0463,A,23.65013724600371
BAT_0464,A,24.106989955367112
BAT_0465,A,23.943835975154585
BAT_0466,A,23.88951520023339
BAT_0467,A,24.307083350021713
BAT_0468,A,24.378753855023653
BAT_0469,A,23.734749426194735
BAT_0470,A,23.71209087967766
BAT_0471,A,23.862474151424177
BAT_0472,A,22.84903941763221
BAT_0473,A,23.242404468900723
BAT_0474,A,24.68343713372226
BAT_0475,A,24.82248385675064
BAT_0476,A,23.87548198022181
BAT_0477,A,24.288278481527882
BAT_0478,A,24.155625077271768
BAT_0479,A,25.53944040422762
BAT_0480,A,24.559787455717288
BAT_0481,A,23.936041204259617
BAT_0482,A,23.52222977969979
BAT_0483,A,23.196776839871212
BAT_0484,A,24.10173181793361
BAT_0485,A,23.62182462735785
BAT_0486,A,23.288873145201162
BAT_0487,A,23.676713557878738
BAT_0488,A,23.459225998192803
BAT_0489,A,24.843570817536282
BAT_0490,A,24.440819878474727
BAT_0491,A,23.99601367934169
BAT_0492,A,24.739972069445013
BAT_0493,A,24.03868415382381
BAT_0494,A,23.56935789933587
BAT_0495,A,24.76156203863483
BAT_0496,A,24.26945502184233
BAT_0497,A,23.481376922836773
BAT_0498,A,23.904830660958197
BAT_0499,A,23.56219087330762
BAT_0500,A,23.30860013451783
BAT_0501,A,24.463088773765822
BAT_0502,A,24.954708320235063
BAT_0503,A,23.30071621309043
BAT_0504,A,24.281484618345285
BAT_0505,A,23.674678715439086
BAT_0506,A,23.75643730811765
BAT_0507,A,23.703803037880565
BAT_0508,A,23.568004615160092
BAT_0509,A,24.024260813972415
BAT_0510,A,23.58452494179448
BAT_0511,A,24.13522841288992
BAT_0512,A,23.97488094527543
BAT_0513,A,23.880525976566794
BAT_0514,A,23.546218168979202
BAT_0515,A,23.711614334715833
BAT_0516,A,24.377695612912877
BAT_0517,A,24.25045859381219
BAT_0518,A,23.511222377600724
BAT_0519,A,24.049666152714614
BAT_0520,A,24.375693561685896
BAT_0521,A,23.165297359439315
BAT_0522,A,24.271680096189968
BAT_0523,A,23.668688120527076
BAT_0524,A,24.285299334296578
BAT_0525,A,23.61837042172874
BAT_0526,A,23.09755894966774
BAT_0527,A,23.186228781058418
BAT_0528,A,24.02404247333069
BAT_0529,A,24.129861250860742
BAT_0530,A,23.547841687447796
BAT_0531,A,24.319296229388687
BAT_0532,A,23.16923996886552
BAT_0533,A,23.966960100676342
BAT_0534,A,23.394491900118773
BAT_0535,A,23.67408194609892
BAT_0536,A,24.023699335658208
BAT_0537,A,23.569793317358023
BAT_0538,A,23.807722227885087
BAT_0539,A,24.50314640460722
BAT_0540,A,23.711554065238424
BAT_0541,A,24.41784605603257
BAT_0542,A,23.43514657267119
BAT_0543,A,24.26490208895764
BAT_0544,A,24.720784310328952
BAT_0545,A,22.764177749936355
BAT_0546,A,23.601552372264763
BAT_0547,A,24.28853606359027
BAT_0548,A,23.898477306978503
BAT_0549,A,24.185572936685656
BAT_0550,A,23.69800740664209
BAT_0551,A,24.04329489373645
BAT_0552,A,23.922161382303962
BAT_0553,A,24.583891030829903
BAT_0554,A,24.127210421650606
BAT_0555,A,24.1688013310376
BAT_0556,A,23.794061516938765
BAT_0557,A,23.756196887963753
BAT_0558,A,23.78372090609019
BAT_0559,A,24.19722607118915
BAT_0560,A,23.789507759589867
BAT_0561,A,24.144887428448207
BAT_0562,A,25.03770039932272
BAT_0563,A,24.435562351715845
BAT_0564,A,23.83698823391608
BAT_0565,A,24.600606961081972
BAT_0566,A,23.795962313489223
BAT_0567,A,22.98093773241107
BAT_0568,A,23.495956844541297
BAT_0569,A,23.064604039487072
BAT_0570,A,23.824243257979347
BAT_0571,A,24.009209189594777
BAT_0572,A,24.83821865613764
BAT_0573,A,24.163463686882082
BAT_0574,A,23.890449735595567
BAT_0575,A,24.414702790591743
BAT_0576,A,22.894432345496057
BAT_0577,A,24.117807279054283
BAT_0578,A,24.385432596943485
BAT_0579,A,23.260706877110078
BAT_0580,A,24.571877021603463
BAT_0581,A,24.169248203747205
BAT_0582,A,23.7923560430496
BAT_0583,A,24.316390933053142
BAT_0584,A,25.1353464289022
BAT_0585,A,24.090933127529247
BAT_0586,A,24.124110293150167
BAT_0587,A,23.77031955022988
BAT_0588,A,23.575077815267605
BAT_0589,A,24.415167908272124
BAT_0590,A,23.571958087045566
BAT_0591,A,24.035783118609697
BAT_0592,A,23.761171276617443
BAT_0593,A,24.239489912873196
BAT_0594,A,24.166831052643474
BAT_0595,A,24.51876997212895
BAT_0596,A,23.744991800572627
BAT_0597,A,23.865062532353313
BAT_0598,A,23.510618142108846
BAT_0599,A,23.777853369961946
BAT_0600,A,24.188650246522425
BAT_0601,A,24.378494308322676
BAT_0602,A,23.538917337911187
BAT_0603,A,24.43480296005283
BAT_0604,A,24.677818929402477
BAT_0605,A,24.20671745161185
BAT_0606,A,24.938397906279032
BAT_0607,A,23.613105400448212
BAT_0608,A,23.37767264834429
BAT_0609,A,23.11063987554786
BAT_0610,A,24.748022155744593
BAT_0611,A,24.32718282817703
BAT_0612,A,23.972207664544772
BAT_0613,A,24.13998431315991
BAT_0614,A,23.437255476350813
BAT_0615,A,25.222875989808415
BAT_0616,A,24.064610590987613
BAT_0617,A,24.054697397302448
BAT_0618,A,24.362883311949346
BAT_0619,A,24.240504615868357
BAT_0620,A,24.111942012139565
BAT_0621,A,23.604762772277343
BAT_0622,A,24.235734178568
BAT_0623,A,24.941012248237517
BAT_0624,A,24.67271002307749
BAT_0625,A,24.796593313319697
BAT_0626,A,23.744392161784408
BAT_0627,A,23.50519758987071
BAT_0628,A,23.937106539950175
BAT_0629,A,24.027862456144348
BAT_0630,A,24.547095759235475
BAT_0631,A,23.15376768514259
BAT_0632,A,24.764775159730306
BAT_0633,A,23.920996050710507
BAT_0634,A,23.78655946502629
BAT_0635,A,23.493947812369917
BAT_0636,A,23.172571664067114
BAT_0637,A,24.411585291980956
BAT_0638,A,24.0366589835942
BAT_0639,A,23.355019550129473
BAT_0640,A,23.35246061396819
BAT_0641,A,23.832107650354935
BAT_0642,A,24.834510762644697
BAT_0643,A,23.8702043243182
BAT_0644,A,23.248428523440946
BAT_0645,A,23.87712846795703
BAT_0646,A,23.863638215126166
BAT_0647,A,22.651556678529214
BAT_0648,A,23.972852566741093
BAT_0649,A,23.88453273489566
BAT_0650,A,24.34810318240671
BAT_0651,A,24.92447804747267
BAT_0652,A,24.563282514773878
BAT_0653,A,23.865555654722584
BAT_0654,A,23.446737045629163
BAT_0655,A,25.28667990162493
BAT_0656,A,24.029609217007245
BAT_0657,A,24.006964645956472
BAT_0658,A,23.987937456445
BAT_0659,A,24.099042380383928
BAT_0660,A,23.92781979403803
BAT_0661,A,23.713168996559883
BAT_0662,A,23.726570529379803
BAT_0663,A,23.983623364892
BAT_0664,A,23.728287614433118
BAT_0665,A,23.643577108661418
BAT_0666,A,24.053215113845948
BAT_0667,A,23.87251139128957
BAT_0668,A,24.751996494291344
BAT_0669,A,22.674515095803493
BAT_0670,A,24.54575342596123
BAT_0671,A,24.623042596248816
BAT_0672,A,22.963304883795924
BAT_0673,A,23.828656202959827
BAT_0674,A,23.814279567002103
BAT_0675,A,23.29624415264109
BAT_0676,A,23.61109165620456
BAT_0677,A,23.444712077267084
BAT_0678,A,24.876135221711813
BAT_0679,A,24.46783919657373
BAT_0680,A,24.635777547497078
BAT_0681,A,24.360836032021616
BAT_0682,A,23.435474114391386
BAT_0683,A,23.737739866860114
BAT_0684,A,24.24468728061396
BAT_0685,A,23.388936095554026
BAT_0686,A,24.356499215086195
BAT_0687,A,23.879837300920933
BAT_0688,A,23.8125895962252
BAT_0689,A,24.355479984101745
BAT_0690,A,24.22213165574302
BAT_0691,A,23.81951691709046
BAT_0692,A,24.579664901682126
BAT_0693,A,23.45946833620005
BAT_0694,A,24.30796780347213
BAT_0695,A,24.296550628984193
BAT_0696,A,23.845226780343005
BAT_0697,A,24.16306651112106
BAT_0698,A,23.37444321180735
BAT_0699,A,24.46201350960345
BAT_0700,A,23.907548931778507
BAT_0701,A,23.73863848974048
BAT_0702,A,24.524504612918445
BAT_0703,A,23.64782815472862
BAT_0704,A,23.29576935181822
BAT_0705,A,23.22168541323805
BAT_0706,A,24.30300497567282
BAT_0707,A,23.359785323751858
BAT_0708,A,24.877397090992183
BAT_0709,A,22.95903529605814
BAT_0710,A,24.848228184145018
BAT_0711,A,24.105508733601308
BAT_0712,A,23.951643444064803
BAT_0713,A,23.727540456595523
BAT_0714,A,24.199568057176034
BAT_0715,A,23.981182648787577
BAT_0716,A,24.551650941008262
BAT_0717,A,24.05711382433102
BAT_0718,A,24.075150880730938
BAT_0719,A,23.81819389389307
BAT_0720,A,23.971527188139465
BAT_0721,A,24.15390088444603
BAT_0722,A,23.144915803671687
BAT_0723,A,23.325907288947143
BAT_0724,A,24.371632047011357
BAT_0725,A,24.08543271906397
BAT_0726,A,23.90800833182366
BAT_0727,A,24.009216966532698
BAT_0728,A,24.173790852680835
BAT_0729,A,23.73012015984532
BAT_0730,A,23.610847637298843
BAT_0731,A,24.09792262754884
BAT_0732,A,23.510813611192486
BAT_0733,A,24.204126377857236
BAT_0734,A,23.14870819788108
BAT_0735,A,24.514577818662822
BAT_0736,A,24.23629874120652
BAT_0737,A,24.12801486715694
BAT_0738,A,24.49134549197276
BAT_0739,A,24.832737222231287
BAT_0740,A,24.507185032509064
BAT_0741,A,23.079562884334177
BAT_0742,A,23.36021151663215
BAT_0743,A,23.68759071115216
BAT_0744,A,24.013045525105415
BAT_0745,A,24.258829510234563
BAT_0746,A,23.637128093423268
BAT_0747,A,24.09338338223854
BAT_0748,A,23.62230853382334
BAT_0749,A,23.694241098504026
BAT_0750,A,23.296669451575887
BAT_0751,A,23.538383376944548
BAT_0752,A,23.324157697191833
BAT_0753,A,23.512063373511335
BAT_0754,A,24.52682089830392
BAT_0755,A,23.525300555584028
BAT_0756,A,25.316191032418697
BAT_0757,A,24.246658950440445
BAT_0758,A,24.092418061847436
BAT_0759,A,23.570821109909392
BAT_0760,A,24.350154939704495
BAT_0761,A,23.712181086881113
BAT_0762,A,24.06100490732268
BAT_0763,A,25.2800422691344
BAT_0764,A,23.951970050137675
BAT_0765,A,24.574636663142837
BAT_0766,A,23.648411787437055
BAT_0767,A,23.982505754751518
BAT_0768,A,24.885400317817755
BAT_0769,A,23.686516471106117
BAT_0770,A,24.906224278998465
BAT_0771,A,24.35387596772774
BAT_0772,A,23.718766612052868
BAT_0773,A,24.31620386952776
BAT_0774,A,24.486277224813364
BAT_0775,A,24.3109049811086
BAT_0776,A,23.214887640054773
BAT_0777,A,23.636431412087564
BAT_0778,A,23.876240682224246
BAT_0779,A,23.962783285449976
BAT_0780,A,24.31033604877534
BAT_0781,A,24.088850500466627
BAT_0782,A,23.33232782064495
BAT_0783,A,24.19009892550298
BAT_0784,A,24.30529287264191
BAT_0785,A,24.27989522396552
BAT_0786,A,24.540390362777313
BAT_0787,A,24.41696107727445
BAT_0788,A,24.22959003961422
BAT_0789,A,23.964917144270675
BAT_0790,A,23.169519533242003
BAT_0791,A,24.214809109566293
BAT_0792,A,24.103843843581554
BAT_0793,A,24.135789418597685
BAT_0794,A,23.361625712089847
BAT_0795,A,23.45947172979587
BAT_0796,A,24.526576426666452
BAT_0797,A,23.980222423071673
BAT_0798,A,24.340750348686313
BAT_0799,A,24.014159188065232
BAT_0800,A,24.014878069747873
BAT_0801,A,24.469141902988
BAT_0802,A,23.741977635891313
BAT_0803,A,24.048060388470493
BAT_0804,A,23.768862355647478
BAT_0805,A,23.782751886283844
BAT_0806,A,23.84541393826568
BAT_0807,A,24.111066885816857
BAT_0808,A,23.76062568916826
BAT_0809,A,24.62787806278676
BAT_0810,A,23.552696348890247
BAT_0811,A,23.90656417791932
BAT_0812,A,23.78013447086291
BAT_0813,A,24.723488942176868
BAT_0814,A,24.098277388255788
BAT_0815,A,24.515922269734318
BAT_0816,A,23.257219813481512
BAT_0817,A,24.13352513293463
BAT_0818,A,24.44481539781172
BAT_0819,A,24.041141994637712
BAT_0820,A,24.532740187532674
BAT_0821,A,23.741355774949813
BAT_0822,A,24.70467372009279
BAT_0823,A,25.149449061809626
BAT_0824,A,23.818580719780172
BAT_0825,A,23.777248739299615
BAT_0826,A,24.72669223855885
BAT_0827,A,24.789786072865358
BAT_0828,A,23.738569986423364
BAT_0829,A,23.78990659145207
BAT_0830,A,23.859107695569747
BAT_0831,A,23.327774744482863
BAT_0832,A,23.5406740267579
BAT_0833,A,23.497929616623967
BAT_0834,A,23.616101217447937
BAT_0835,A,23.98265755630661
BAT_0836,A,24.11710736626826
BAT_0837,A,24.775250246407037
BAT_0838,A,23.500822979630605
BAT_0839,A,24.492161199238293
BAT_0840,A,23.893005577887244
BAT_0841,A,23.975268145173782
BAT_0842,A,24.337409746083303
BAT_0843,A,23.438638989218852
BAT_0844,A,24.191204873092026
BAT_0845,A,24.08322610410653
BAT_0846,A,24.246225632004073
BAT_0847,A,24.14458432195391
BAT_0848,A,25.22765006995545
BAT_0849,A,23.68113000787434
BAT_0850,A,23.73450152249909
BAT_0851,A,23.68842973678762
BAT_0852,A,23.722261440419874
BAT_0853,A,23.68130643634674
BAT_0854,A,24.594508265553777
BAT_0855,A,24.710252123994927
BAT_0856,A,23.71462685312526
BAT_0857,A,23.583822213447885
BAT_0858,A,24.235707778193202
BAT_0859,A,23.723888477859514
BAT_0860,A,24.316465908877756
BAT_0861,A,24.10146151042565
BAT_0862,A,23.242127942501384
BAT_0863,A,24.77375260066503
BAT_0864,A,24.897938836547763
BAT_0865,A,23.693605654757807
BAT_0866,A,23.806149220032008
BAT_0867,A,24.142932695362454
BAT_0868,A,24.16722839499351
BAT_0869,A,24.329272136336414
BAT_0870,A,25.005102269383176
BAT_0871,A,23.911526386252977
BAT_0872,A,23.600851377730773
BAT_0873,A,23.310340385992735
BAT_0874,A,23.63453498002904
BAT_0875,A,23.983436513563102
BAT_0876,A,24.897278931758894
BAT_0877,A,23.741194350481916
BAT_0878,A,24.11189397581945
BAT_0879,A,23.991788551963623
BAT_0880,A,24.594196636724043
BAT_0881,A,25.263466212936812
BAT_0882,A,23.73456561353984
BAT_0883,A,23.755280278740887
BAT_0884,A,24.522080438534537
BAT_0885,A,24.340945744813155
BAT_0886,A,24.923353662868017
BAT_0887,A,24.291964092662983
BAT_0888,A,23.82035395460647
BAT_0889,A,24.295327415346154
BAT_0890,A,24.554351790291452
BAT_0891,A,24.41024109059868
BAT_0892,A,24.25363701555365
BAT_0893,A,24.533337344794578
BAT_0894,A,24.584647795222835
BAT_0895,A,24.691079495518764
BAT_0896,A,24.32435494379482
BAT_0897,A,23.916440959841573
BAT_0898,A,24.07335684321666
BAT_0899,A,24.60325448325418
BAT_0900,A,23.591532164506383
BAT_0901,A,24.18433665443645
BAT_0902,A,23.80333059383632
BAT_0903,A,24.01437241146741
BAT_0904,A,24.63922593130365
BAT_0905,A,24.09554953400995
BAT_0906,A,24.023218274078076
BAT_0907,A,23.32007192951004
BAT_0908,A,24.37312678301361
BAT_0909,A,24.32274209057054
BAT_0910,A,25.08162736165273
BAT_0911,A,23.8461108825235
BAT_0912,A,24.10957516383197
BAT_0913,A,24.124691841855377
BAT_0914,A,24.788726639881737
BAT_0915,A,23.952352233806526
BAT_0916,A,24.13951076288517
BAT_0917,A,24.30394825485827
BAT_0918,A,24.09330456157818
BAT_0919,A,23.776783192724736
BAT_0920,A,24.097044996449153
BAT_0921,A,24.536815874929886
BAT_0922,A,23.48674235029447
BAT_0923,A,24.06648483707344
BAT_0924,A,23.649939592530412
BAT_0925,A,24.59752331446242
BAT_0926,A,23.23840654760811
BAT_0927,A,23.720539076364204
BAT_0928,A,24.18860593753226
BAT_0929,A,24.78276201461717
BAT_0930,A,23.967124869463508
BAT_0931,A,23.7224002366534
BAT_0932,A,24.940578534720295
BAT_0933,A,23.27599304979188
BAT_0934,A,22.900597021689958
BAT_0935,A,24.220007225026666
BAT_0936,A,23.748972887823694
BAT_0937,A,23.489383591434642
BAT_0938,A,24.354178223649676
BAT_0939,A,24.1219003568856
BAT_0940,A,23.717960684631635
BAT_0941,A,23.359847800664554
BAT_0942,A,24.43622866414007
BAT_0943,A,24.325100588979332
BAT_0944,A,23.95041206811031
BAT_0945,A,24.923318498023832
BAT_0946,A,23.464957616836923
BAT_0947,A,23.23723741453763
BAT_0948,A,23.654045965059378
BAT_0949,A,23.97720699182225
BAT_0950,A,24.121669724661345
BAT_0951,A,23.879381971071837
BAT_0952,A,24.176027698257148
BAT_0953,A,23.374230287904776
BAT_0954,A,24.72188230203663
BAT_0955,A,23.958924410803714
BAT_0956,A,24.558647915794065
BAT_0957,A,24.171362673188852
BAT_0958,A,24.22837660957689
BAT_0959,A,24.284883640116103
BAT_0960,A,24.22385428000866
BAT_0961,A,24.321361379933773
BAT_0962,A,24.664576265066216
BAT_0963,A,24.098260584850735
BAT_0964,A,24.354501878794256
BAT_0965,A,23.955132152856386
BAT_0966,A,24.720058607724738
BAT_0967,A,23.661803848970365
BAT_0968,A,24.900470216455407
BAT_0969,A,23.97992102467783
BAT_0970,A,23.284612448940976
BAT_0971,A,24.064052207455394
BAT_0972,A,23.65947417126256
BAT_0973,A,24.42032177449436
BAT_0974,A,23.673688010348805
BAT_0975,A,23.77690828339261
BAT_0976,A,23.055229634527233
BAT_0977,A,23.773846840375462
BAT_0978,A,22.788060336685522
BAT_0979,A,23.20804858825714
BAT_0980,A,24.38020732807215
BAT_0981,A,24.392900079325415
BAT_0982,A,24.212728780892483
BAT_0983,A,23.516511928435392
BAT_0984,A,23.97614432192901
BAT_0985,A,23.998198730454718
BAT_0986,A,23.420817655403727
BAT_0987,A,24.751699150883574
BAT_0988,A,24.438681145287834
BAT_0989,A,23.889517913085168
BAT_0990,A,24.013442919497265
BAT_0991,A,24.104191403973775
BAT_0992,A,22.979132565787854
BAT_0993,A,23.8764113087397
BAT_0994,A,23.659007876001102
BAT_0995,A,23.499189995052543
BAT_0996,A,23.859449853557024
BAT_0997,A,24.898843263424762
BAT_0998,A,24.320421430633505
BAT_0999,A,23.714410505108603
BAT_1000,A,24.28629139067808
BAT_1001,B,26.518839785854805
BAT_1002,B,25.664340629242982
BAT_1003,B,24.107334665856314
BAT_1004,B,22.835513800129966
BAT_1005,B,25.25680196450446
BAT_1006,B,24.70827369375915
BAT_1007,B,25.61134779604992
BAT_1008,B,25.143309243027545
BAT_1009,B,25.889194887574803
BAT_1010,B,23.036576619190978
BAT_1011,B,26.371309318141787
BAT_1012,B,24.355679288446318
BAT_1013,B,27.735469570725478
BAT_1014,B,22.759461927438778
BAT_1015,B,27.12473484569745
BAT_1016,B,17.5
BAT_1017,B,22.827447593493993
BAT_1018,B,23.12900549870222
BAT_1019,B,23.423374845250223
BAT_1020,B,24.76349870352345
BAT_1021,B,24.9411038784639
BAT_1022,B,22.967339992910556
BAT_1023,B,23.95616173393023
BAT_1024,B,27.856086645501353
BAT_1025,B,27.10957770618128
BAT_1026,B,24.785382605413258
BAT_1027,B,24.068406260702762
BAT_1028,B,24.21605638809287
BAT_1029,B,25.10433235091475
BAT_1030,B,22.15897338264287
BAT_1031,B,23.536722232637977
BAT_1032,B,20.99654866702034
BAT_1033,B,24.7186016206895
BAT_1034,B,25.164952691464933
BAT_1035,B,23.130264367861127
BAT_1036,B,26.83317617392206
BAT_1037,B,21.793621806595787
BAT_1038,B,21.364125215622323
BAT_1039,B,24.40401327340795
BAT_1040,B,25.88477694470188
BAT_1041,B,27.031069844624163
BAT_1042,B,23.174008326835907
BAT_1043,B,25.941625500176333
BAT_1044,B,23.930684754898728
BAT_1045,B,23.689270860106525
BAT_1046,B,25.590587887476012
BAT_1047,B,25.174181181144156
BAT_1048,B,21.162494117428352
BAT_1049,B,26.657772629506614
BAT_1050,B,26.484164437465413
BAT_1051,B,22.873987137282846
BAT_1052,B,24.712446360187336
BAT_1053,B,24.88925433530893
BAT_1054,B,24.469212778483033
BAT_1055,B,23.009450723078245
BAT_1056,B,22.791077937711506
BAT_1057,B,23.9540026722154
BAT_1058,B,26.110912234666856
BAT_1059,B,24.978480278269977
BAT_1060,B,23.332894202245008
BAT_1061,B,25.38905767916702
BAT_1062,B,18.872623282865863
BAT_1063,B,26.067778260669787
BAT_1064,B,20.86851519819942
BAT_1065,B,23.34760630547436
BAT_1066,B,21.98459418967294
BAT_1067,B,21.669573343702368
BAT_1068,B,26.089488217281335
BAT_1069,B,23.158137837638595
BAT_1070,B,24.623706987115288
BAT_1071,B,23.91554295801747
BAT_1072,B,24.858673489001617
BAT_1073,B,24.13827940390846
BAT_1074,B,21.690613996460574
BAT_1075,B,25.793280275004854
BAT_1076,B,23.11123815030964
BAT_1077,B,21.198152582412447
BAT_1078,B,23.229392710261358
BAT_1079,B,26.70136762314176
BAT_1080,B,25.530399135804288
BAT_1081,B,23.372426158065853
BAT_1082,B,23.37133613222683
BAT_1083,B,23.421056907808712
BAT_1084,B,27.738146370409513
BAT_1085,B,24.687483814016797
BAT_1086,B,24.774074964943924
BAT_1087,B,25.854510217257317
BAT_1088,B,24.429820486247724
BAT_1089,B,31.0
BAT_1090,B,23.64657027164704
BAT_1091,B,23.871117733054685
BAT_1092,B,23.932999974282286
BAT_1093,B,25.309733178546566
BAT_1094,B,24.09350259445314
BAT_1095,B,25.318752138988042
BAT_1096,B,23.85471015580455
BAT_1097,B,24.141543342568962
BAT_1098,B,20.403238767842208
BAT_1099,B,25.649389814464467
BAT_1100,B,24.623679256616388
BAT_1101,B,25.796418197747375
BAT_1102,B,18.786740319251358
BAT_1103,B,27.75907446860531
BAT_1104,B,23.748738669320687
BAT_1105,B,25.99472907012753
BAT_1106,B,22.128169331174043
BAT_1107,B,25.102993029112625
BAT_1108,B,22.10385198628742
BAT_1109,B,22.877215870747552
BAT_1110,B,27.445256436960214
BAT_1111,B,23.656771678625976
BAT_1112,B,24.3913791717235
BAT_1113,B,25.56612191523976
BAT_1114,B,24.892227398350688
BAT_1115,B,24.270754029258438
BAT_1116,B,24.656929804439205
BAT_1117,B,28.326148053428895
BAT_1118,B,23.896286165339546
BAT_1119,B,24.36197828408694
BAT_1120,B,25.891177912813703
BAT_1121,B,25.989946679324373
BAT_1122,B,26.136654550008686
BAT_1123,B,25.14971439965253
BAT_1124,B,21.94259115708513
BAT_1125,B,26.940176758141973
BAT_1126,B,21.936578292566363
BAT_1127,B,24.54474383743026
BAT_1128,B,22.642303469965157
BAT_1129,B,23.884550976132612
BAT_1130,B,24.591772338546264
BAT_1131,B,24.57844298781049
BAT_1132,B,24.759457357623514
BAT_1133,B,26.904680284305563
BAT_1134,B,24.816361742725164
BAT_1135,B,23.560518056476834
BAT_1136,B,25.735356902919044
BAT_1137,B,26.14104688006435
BAT_1138,B,21.790305932753412
BAT_1139,B,25.075320125729746
BAT_1140,B,25.262110936159615
BAT_1141,B,23.464385693952014
BAT_1142,B,26.476272263960915
BAT_1143,B,23.72989994334145
BAT_1144,B,24.226037616248774
BAT_1145,B,23.688470716289036
BAT_1146,B,24.02804228564664
BAT_1147,B,22.026704843588636
BAT_1148,B,21.40790841133027
BAT_1149,B,26.87010911380495
BAT_1150,B,22.47546957302701
BAT_1151,B,22.215493770978647
BAT_1152,B,20.123897795513315
BAT_1153,B,22.849868854158895
BAT_1154,B,21.618438371866503
BAT_1155,B,26.955627288245463
BAT_1156,B,25.817670760816743
BAT_1157,B,22.7613293786801
BAT_1158,B,28.054384449619757
BAT_1159,B,25.76717787658487
BAT_1160,B,23.41530350968448
BAT_1161,B,19.50106971322757
BAT_1162,B,28.123696630663336
BAT_1163,B,21.498769559825526
BAT_1164,B,21.038282255477593
BAT_1165,B,25.840626777617352
BAT_1166,B,28.391554331410692
BAT_1167,B,26.491691073318933
BAT_1168,B,25.015036416094247
BAT_1169,B,25.070557814997514
BAT_1170,B,25.536148005804556
BAT_1171,B,25.366071461616176
BAT_1172,B,24.506144563144876
BAT_1173,B,24.187561987113376
BAT_1174,B,23.88733236978086
BAT_1175,B,22.64286374003998
BAT_1176,B,23.494784861639808
BAT_1177,B,20.952677734448308
BAT_1178,B,23.82298867176945
BAT_1179,B,22.22053600712835
BAT_1180,B,22.013539229011613
BAT_1181,B,24.32380947207626
BAT_1182,B,26.50560411542028
BAT_1183,B,25.652969890804165
BAT_1184,B,21.17309891347828
BAT_1185,B,22.218669354173393
BAT_1186,B,25.69338813837879
BAT_1187,B,22.231522691631042
BAT_1188,B,23.595660330005355
BAT_1189,B,24.990093778244194
BAT_1190,B,22.256979981245458
BAT_1191,B,24.18967591106273
BAT_1192,B,21.598754109147233
BAT_1193,B,22.917538240887815
BAT_1194,B,24.575607481456565
BAT_1195,B,21.132611279642994
BAT_1196,B,24.792854528328718
BAT_1197,B,23.964651961931974
BAT_1198,B,24.994481917950868
BAT_1199,B,24.40304544131639
BAT_1200,B,26.45545277395292
BAT_1201,B,24.225404104766234
BAT_1202,B,23.227070025974545
BAT_1203,B,24.22013550545811
BAT_1204,B,24.9779364522655
BAT_1205,B,24.08794812658627
BAT_1206,B,24.073065044166988
BAT_1207,B,22.73641496194784
BAT_1208,B,22.806778348408294
BAT_1209,B,21.47531051076055
BAT_1210,B,27.14923813773649
BAT_1211,B,21.761046176295686
BAT_1212,B,22.752770643967366
BAT_1213,B,22.706866921975443
BAT_1214,B,25.610863878499995
BAT_1215,B,23.46909057907435
BAT_1216,B,26.24593573081272
BAT_1217,B,22.78771687636104
BAT_1218,B,24.502189492002845
BAT_1219,B,22.496375304132435
BAT_1220,B,27.861268429992098
BAT_1221,B,21.862322845746878
BAT_1222,B,24.55767727840865
BAT_1223,B,25.140798385677776
BAT_1224,B,24.744838375412698
BAT_1225,B,23.666482214020125
BAT_1226,B,23.766322740479833
BAT_1227,B,24.078860649562397
BAT_1228,B,23.73539639706872
BAT_1229,B,25.734982410230838
BAT_1230,B,27.978941402864432
BAT_1231,B,22.996514786985898
BAT_1232,B,21.53435463675766
BAT_1233,B,23.841092312967742
BAT_1234,B,28.643476807777773
BAT_1235,B,22.553385777654483
BAT_1236,B,26.950410249799322
BAT_1237,B,27.019861465337595
BAT_1238,B,23.00354116492561
BAT_1239,B,25.024169542533496
BAT_1240,B,26.93111392163137
BAT_1241,B,23.317570066222522
BAT_1242,B,23.633555351815748
BAT_1243,B,22.95297435489244
BAT_1244,B,22.17343788475284
BAT_1245,B,22.831300418881188
BAT_1246,B,21.79690751982794
BAT_1247,B,24.061350242866606
BAT_1248,B,22.614048184094443
BAT_1249,B,24.420814641223345
BAT_1250,B,21.19938783683347
BAT_1251,B,24.59558441798602
BAT_1252,B,25.500352130896065
BAT_1253,B,20.41127584337138
BAT_1254,B,24.67330182572563
BAT_1255,B,26.209804186451926
BAT_1256,B,21.82264616635583
BAT_1257,B,27.010630296307866
BAT_1258,B,24.754234216858883
BAT_1259,B,22.730978659634864
BAT_1260,B,23.899615660216128
BAT_1261,B,25.0049884425391
BAT_1262,B,24.13680970454234
BAT_1263,B,24.969760786403466
BAT_1264,B,22.34278753245714
BAT_1265,B,24.30484948326494
BAT_1266,B,21.455313905571035
BAT_1267,B,23.79979308957234
BAT_1268,B,22.37296624536338
BAT_1269,B,22.67604610333842
BAT_1270,B,26.22496771537879
BAT_1271,B,25.964358217069684
BAT_1272,B,25.09644861763292
BAT_1273,B,22.033837023589356
BAT_1274,B,23.430464790549358
BAT_1275,B,26.18357585996253
BAT_1276,B,24.25509044455183
BAT_1277,B,28.17479317196705
BAT_1278,B,24.707972110909868
BAT_1279,B,24.345688409682058
BAT_1280,B,23.443590364435497
BAT_1281,B,24.240373628608108
BAT_1282,B,23.72555429451502
BAT_1283,B,25.274595618039463
BAT_1284,B,25.72206417023025
BAT_1285,B,22.58521897108569
BAT_1286,B,21.603780683596
BAT_1287,B,20.694830328414067
BAT_1288,B,24.914384388442578
BAT_1289,B,22.013940108887027
BAT_1290,B,20.12479693268553
BAT_1291,B,24.699441488155735
BAT_1292,B,28.48739913137902
BAT_1293,B,23.989072359228192
BAT_1294,B,25.509283394012954
BAT_1295,B,24.147292845385618
BAT_1296,B,23.821998624255944
BAT_1297,B,25.654337669377984
BAT_1298,B,23.47750582046043
BAT_1299,B,24.481306165329425
BAT_1300,B,24.579056051152826
BAT_1301,B,22.79743718344251
BAT_1302,B,25.78567622916574
BAT_1303,B,23.685072437948264
BAT_1304,B,22.63965871291288
BAT_1305,B,24.965717718426728
BAT_1306,B,22.382757632776134
BAT_1307,B,24.05072608326443
BAT_1308,B,23.983585806040434
BAT_1309,B,25.95461201849684
BAT_1310,B,24.854456819183916
BAT_1311,B,23.954951474258742
BAT_1312,B,25.471979338560516
BAT_1313,B,26.502373588231166
BAT_1314,B,25.004058551433353
BAT_1315,B,24.018634715718086
BAT_1316,B,21.63869478176971
BAT_1317,B,22.082795406464328
BAT_1318,B,23.4505955321616
BAT_1319,B,22.90287803611329
BAT_1320,B,23.663451654626197
BAT_1321,B,24.101969864814794
BAT_1322,B,24.953446957842115
BAT_1323,B,23.873102199493637
BAT_1324,B,24.875702958887164
BAT_1325,B,24.116053946658216
BAT_1326,B,20.44416018056303
BAT_1327,B,22.30919629112624
BAT_1328,B,23.74064239970109
BAT_1329,B,21.822549462886006
BAT_1330,B,25.079871713993168
BAT_1331,B,26.755351498218655
BAT_1332,B,26.19377133305517
BAT_1333,B,23.615802832325624
BAT_1334,B,26.683307046329915
BAT_1335,B,24.2676014229638
BAT_1336,B,23.39324525198753
BAT_1337,B,22.895875205626307
BAT_1338,B,23.455554564321368
BAT_1339,B,23.30128172662579
BAT_1340,B,24.306749200275878
BAT_1341,B,24.289033165889755
BAT_1342,B,24.005482836276148
BAT_1343,B,24.78648870554343
BAT_1344,B,26.143163294615416
BAT_1345,B,25.709197443794384
BAT_1346,B,21.327183656790172
BAT_1347,B,19.40294195717648
BAT_1348,B,25.681775840230692
BAT_1349,B,21.539618342852243
BAT_1350,B,23.59542227659317
BAT_1351,B,21.893796553093154
BAT_1352,B,20.756435212355964
BAT_1353,B,24.97463291076862
BAT_1354,B,25.366479288544763
BAT_1355,B,22.962281278691904
BAT_1356,B,19.33612387413916
BAT_1357,B,23.01675999314553
BAT_1358,B,24.705247209724583
BAT_1359,B,21.337959176206567
BAT_1360,B,24.33004785560248
BAT_1361,B,23.972442271488607
BAT_1362,B,25.04272469928196
BAT_1363,B,24.215244663145477
BAT_1364,B,22.2484759064132
BAT_1365,B,26.153828702996083
BAT_1366,B,23.714646768551454
BAT_1367,B,23.950851828882122
BAT_1368,B,22.320117673668246
BAT_1369,B,23.20209194785528
BAT_1370,B,22.407355114751578
BAT_1371,B,23.68869709213784
BAT_1372,B,27.081075264256217
BAT_1373,B,21.530577942723557
BAT_1374,B,21.095589483821865
BAT_1375,B,26.648106589488496
BAT_1376,B,23.62321738112664
BAT_1377,B,22.79566907041215
BAT_1378,B,25.87182843731294
BAT_1379,B,22.909892028473646
BAT_1380,B,27.286817484384486
BAT_1381,B,25.220266568410686
BAT_1382,B,23.121759465337735
BAT_1383,B,27.883154783877906
BAT_1384,B,22.90971313859399
BAT_1385,B,25.335771669616754
BAT_1386,B,24.538726644731685
BAT_1387,B,26.343134320917837
BAT_1388,B,26.810720154108335
BAT_1389,B,24.05760746831838
BAT_1390,B,22.64384783337687
BAT_1391,B,24.82794985729041
BAT_1392,B,22.78011233444621
BAT_1393,B,27.62409704554792
BAT_1394,B,24.245763595948926
BAT_1395,B,23.342421207638203
BAT_1396,B,24.332424550556834
BAT_1397,B,21.575172678846545
BAT_1398,B,22.251094730680826
BAT_1399,B,26.160745034299964
BAT_1400,B,22.81759029785149
BAT_1401,B,22.11556023117251
BAT_1402,B,24.965974954549115
BAT_1403,B,26.134267478393394
BAT_1404,B,25.29411595919712
BAT_1405,B,25.79288583445047
BAT_1406,B,22.63776884057497
BAT_1407,B,21.44074079986468
BAT_1408,B,26.702400573519878
BAT_1409,B,23.419176290084156
BAT_1410,B,23.548500570380916
BAT_1411,B,26.390749455328304
BAT_1412,B,25.00121401692119
BAT_1413,B,24.820597989746894
BAT_1414,B,27.89700422082195
BAT_1415,B,22.841667185315742
BAT_1416,B,25.670112230546227
BAT_1417,B,24.10262362481475
BAT_1418,B,24.483466101953862
BAT_1419,B,26.751243167542558
BAT_1420,B,24.91410436132132
BAT_1421,B,24.96893294228934
BAT_1422,B,25.930513207157645
BAT_1423,B,23.343085086822807
BAT_1424,B,22.489422598789787
BAT_1425,B,22.11934345076214
BAT_1426,B,20.460558139123197
BAT_1427,B,27.70117283389258
BAT_1428,B,22.01422494170097
BAT_1429,B,23.60174347754561
BAT_1430,B,23.501736060199942
BAT_1431,B,24.55333205605638
BAT_1432,B,25.468326982570733
BAT_1433,B,25.54885227904754
BAT_1434,B,22.95046061057591
BAT_1435,B,23.69918091518446
BAT_1436,B,24.508643910878938
BAT_1437,B,23.552355972869616
BAT_1438,B,26.893222036835986
BAT_1439,B,24.883754912948852
BAT_1440,B,25.322780014889673
BAT_1441,B,25.193186283601342
BAT_1442,B,26.112252943473585
BAT_1443,B,24.325838805666674
BAT_1444,B,21.665702493679476
BAT_1445,B,24.719438313154754
BAT_1446,B,22.827557591174706
BAT_1447,B,23.048489972850437
BAT_1448,B,25.05545523375917
BAT_1449,B,26.228909528580544
BAT_1450,B,24.03828883812491
BAT_1451,B,24.555899422678134
BAT_1452,B,27.06398690034343
BAT_1453,B,24.433355723079423
BAT_1454,B,28.68302960552471
BAT_1455,B,25.017917362136778
BAT_1456,B,20.830627033519526
BAT_1457,B,25.35601491798816
BAT_1458,B,24.686085092789
BAT_1459,B,26.321554957348944
BAT_1460,B,25.211726432285925
BAT_1461,B,23.750779228829206
BAT_1462,B,21.79626317467914
BAT_1463,B,23.623758136885154
BAT_1464,B,22.46906318242326
BAT_1465,B,22.9550577903515
BAT_1466,B,25.059441127957097
BAT_1467,B,27.00582810783253
BAT_1468,B,24.710408753681367
BAT_1469,B,21.847410488336667
BAT_1470,B,24.800284802796252
BAT_1471,B,26.15393667596217
BAT_1472,B,22.90239077222511
BAT_1473,B,23.758769099988747
BAT_1474,B,24.026438750512554
BAT_1475,B,22.587183036451968
BAT_1476,B,25.166904780918948
BAT_1477,B,23.782293332505994
BAT_1478,B,24.75515839903265
BAT_1479,B,22.40251407995622
BAT_1480,B,23.212575059417862
BAT_1481,B,25.300286444089988
BAT_1482,B,23.32890032623482
BAT_1483,B,27.10853493222013
BAT_1484,B,23.280654865893716
BAT_1485,B,24.404432506353395
BAT_1486,B,25.678663497371563
BAT_1487,B,21.446941680720542
BAT_1488,B,20.830544138434604
BAT_1489,B,21.25381863377383
BAT_1490,B,26.272651386168928
BAT_1491,B,23.006655337393596
BAT_1492,B,28.604758714202855
BAT_1493,B,22.9843543224167
BAT_1494,B,24.332192345754667
BAT_1495,B,26.775797914622174
BAT_1496,B,27.61096719868642
BAT_1497,B,27.710706437945518
BAT_1498,B,26.175059215067655
BAT_1499,B,25.84331254646063
BAT_1500,B,25.06654850856213
BAT_1501,B,25.40104993709995
BAT_1502,B,23.00786571060864
BAT_1503,B,22.527242009839846
BAT_1504,B,23.993925976660286
BAT_1505,B,23.693667679455128
BAT_1506,B,23.184189511210903
BAT_1507,B,25.253497405422088
BAT_1508,B,25.71954937542692
BAT_1509,B,24.159132395325326
BAT_1510,B,26.65955414589947
BAT_1511,B,21.94495959455969
BAT_1512,B,23.65141297329651
BAT_1513,B,22.709719822914952
BAT_1514,B,20.640234089268493
BAT_1515,B,23.85117476548314
BAT_1516,B,23.78085448491009
BAT_1517,B,26.724209537835836
BAT_1518,B,25.1354610321986
BAT_1519,B,22.15646371620743
BAT_1520,B,27.33736661940154
BAT_1521,B,26.197860651945636
BAT_1522,B,25.04777586624351
BAT_1523,B,23.5923286220703
BAT_1524,B,22.273009373897736
BAT_1525,B,23.330027803072106
BAT_1526,B,25.959747515467534
BAT_1527,B,27.392255350682298
BAT_1528,B,26.77783835088994
BAT_1529,B,23.12007104078471
BAT_1530,B,21.98468862007978
BAT_1531,B,24.253595244440167
BAT_1532,B,20.816809141986866
BAT_1533,B,24.581701885532606
BAT_1534,B,23.734315344662395
BAT_1535,B,23.161134296637165
BAT_1536,B,21.12953447891977
BAT_1537,B,24.92448019182549
BAT_1538,B,23.04113848860856
BAT_1539,B,21.89414969572148
BAT_1540,B,18.82992801609303
BAT_1541,B,23.950473170908854
BAT_1542,B,27.190052874005538
BAT_1543,B,26.990266586186166
BAT_1544,B,23.17722673814471
BAT_1545,B,22.916018291348795
BAT_1546,B,24.84379366093504
BAT_1547,B,22.202906209461077
BAT_1548,B,24.54322541967504
BAT_1549,B,25.37894450109244
BAT_1550,B,26.208479802991754
BAT_1551,B,23.819722662336083
BAT_1552,B,23.633387249681462
BAT_1553,B,22.41963134383819
BAT_1554,B,22.51161536272825
BAT_1555,B,23.592337994577253
BAT_1556,B,24.66125791226912
BAT_1557,B,25.64445232721985
BAT_1558,B,22.554277888775378
BAT_1559,B,26.68683942412714
BAT_1560,B,23.511977518123377
BAT_1561,B,23.961538870172816
BAT_1562,B,22.655018977533917
BAT_1563,B,19.636367531508704
BAT_1564,B,25.591281713449888
BAT_1565,B,25.32631901476638
BAT_1566,B,23.493610397187215
BAT_1567,B,24.12058329100477
BAT_1568,B,24.92869059186738
BAT_1569,B,21.187417457604223
BAT_1570,B,23.04770518077667
BAT_1571,B,25.42967642331929
BAT_1572,B,21.74227903829535
BAT_1573,B,24.528404277899934
BAT_1574,B,21.55815275167787
BAT_1575,B,24.839573968380346
BAT_1576,B,23.93584533186453
BAT_1577,B,21.092762731370083
BAT_1578,B,26.096530838022908
BAT_1579,B,22.67773516176351
BAT_1580,B,22.541545613374115
BAT_1581,B,24.361024555015696
BAT_1582,B,26.067547228971687
BAT_1583,B,22.171520725838885
BAT_1584,B,24.111023729726348
BAT_1585,B,24.77186970059503
BAT_1586,B,25.247590093073658
BAT_1587,B,24.317594799499005
BAT_1588,B,23.33934988965002
BAT_1589,B,22.510337602832305
BAT_1590,B,24.155058989483475
BAT_1591,B,22.070149778425908
BAT_1592,B,18.741569129709706
BAT_1593,B,24.785807647483804
BAT_1594,B,25.62708271395515
BAT_1595,B,19.74672161602469
BAT_1596,B,22.182484731522113
BAT_1597,B,25.114477669809357
BAT_1598,B,27.703491845481057
BAT_1599,B,24.037428673815736
BAT_1600,B,22.68959470578756
BAT_1601,B,23.67078640601129
BAT_1602,B,26.474777554466733
BAT_1603,B,22.837264477575836
BAT_1604,B,22.561454388029542
BAT_1605,B,23.13106166007234
BAT_1606,B,22.284008505134317
BAT_1607,B,24.220806568790632
BAT_1608,B,26.924421225245208
BAT_1609,B,24.581542691608853
BAT_1610,B,23.54576369617268
BAT_1611,B,23.47473971595202
BAT_1612,B,21.186256544346016
BAT_1613,B,25.589597598864888
BAT_1614,B,23.859893045376957
BAT_1615,B,23.675136155536872
BAT_1616,B,29.74759362212075
BAT_1617,B,24.537755235058235
BAT_1618,B,22.646776109828668
BAT_1619,B,23.23255632683002
BAT_1620,B,26.06720227655416
BAT_1621,B,24.203886738967977
BAT_1622,B,21.41109963902874
BAT_1623,B,25.654612082235367
BAT_1624,B,22.79734064602981
BAT_1625,B,27.37193599719158
BAT_1626,B,25.94408651828637
BAT_1627,B,23.19482058781425
BAT_1628,B,26.305829451123202
BAT_1629,B,24.122139918949326
BAT_1630,B,25.534992615219995
BAT_1631,B,24.872519071130053
BAT_1632,B,22.476558021016427
BAT_1633,B,22.841610301828567
BAT_1634,B,25.85392947164609
BAT_1635,B,23.397404402208227
BAT_1636,B,23.273432766164404
BAT_1637,B,22.280779357171163
BAT_1638,B,24.76247831806823
BAT_1639,B,27.71254485463766
BAT_1640,B,22.07844075434231
BAT_1641,B,24.043595022010965
BAT_1642,B,26.541996999747774
BAT_1643,B,23.856645495757714
BAT_1644,B,24.814269233249522
BAT_1645,B,22.087691649335618
BAT_1646,B,24.770952774973768
BAT_1647,B,23.66314032299181
BAT_1648,B,25.774313992223753
BAT_1649,B,26.137294892816552
BAT_1650,B,28.661214555633507
BAT_1651,B,25.043339711784437
BAT_1652,B,24.5864333698479
BAT_1653,B,24.349891742839205
BAT_1654,B,23.36430067294076
BAT_1655,B,24.609270918231044
BAT_1656,B,23.468277461749746
BAT_1657,B,24.303229757285305
BAT_1658,B,26.37167556409433
BAT_1659,B,22.188223382496645
BAT_1660,B,26.051781410032284
BAT_1661,B,26.370807121211758
BAT_1662,B,23.787476651416057
BAT_1663,B,20.18066118178453
BAT_1664,B,22.90592042323002
BAT_1665,B,26.334590183809997
BAT_1666,B,23.958837487862013
BAT_1667,B,22.20125598186916
BAT_1668,B,23.09140514178921
BAT_1669,B,25.513116047708195
BAT_1670,B,24.984120422762484
BAT_1671,B,23.56992222149455
BAT_1672,B,23.33971605873356
BAT_1673,B,23.29483533172112
BAT_1674,B,22.339661667902696
BAT_1675,B,26.907676241044996
BAT_1676,B,23.41982315541959
BAT_1677,B,26.190885337485895
BAT_1678,B,26.73836889346041
BAT_1679,B,25.796959616666328
BAT_1680,B,23.223083437107512
BAT_1681,B,24.726714162605898
BAT_1682,B,23.95644790849635
BAT_1683,B,22.37333665068577
BAT_1684,B,24.583846707098886
BAT_1685,B,21.877728375912355
BAT_1686,B,26.137822899230816
BAT_1687,B,23.16368886486289
BAT_1688,B,24.36208738057111
BAT_1689,B,24.509918168783056
BAT_1690,B,23.53397104733266
BAT_1691,B,25.056048842655496
BAT_1692,B,23.145173418079455
BAT_1693,B,25.56833513542304
BAT_1694,B,21.57723657555585
BAT_1695,B,24.227483243183542
BAT_1696,B,27.49007219830491
BAT_1697,B,22.199403615709965
BAT_1698,B,22.78005905305527
BAT_1699,B,24.92503412938605
BAT_1700,B,24.323247207491278
BAT_1701,B,24.631134178692406
BAT_1702,B,24.880536834265794
BAT_1703,B,25.142498643411187
BAT_1704,B,25.997459715521202
BAT_1705,B,24.737673582471324
BAT_1706,B,23.565736221686624
BAT_1707,B,25.210632662164915
BAT_1708,B,27.419787482811387
BAT_1709,B,23.761259256511366
BAT_1710,B,22.245847251592846
BAT_1711,B,25.992745204716552
BAT_1712,B,23.783313904883524
BAT_1713,B,20.089194817174736
BAT_1714,B,25.52535901887076
BAT_1715,B,23.036409265282938
BAT_1716,B,23.83704009185251
BAT_1717,B,24.597564595024227
BAT_1718,B,24.34289942360232
BAT_1719,B,25.277013270850272
BAT_1720,B,23.21612453297428
BAT_1721,B,24.92359043671695
BAT_1722,B,23.53281598034895
BAT_1723,B,25.329858865597505
BAT_1724,B,25.107661471223498
BAT_1725,B,22.316210336319728
BAT_1726,B,25.954767809115058
BAT_1727,B,23.035265798794715
BAT_1728,B,25.454504036906062
BAT_1729,B,24.661117164122413
BAT_1730,B,27.30873061823122
BAT_1731,B,23.597761231730665
BAT_1732,B,23.371229766987245
BAT_1733,B,23.965044709402083
BAT_1734,B,23.454276390898304
BAT_1735,B,25.43989542349569
BAT_1736,B,21.09064090481414
BAT_1737,B,22.103371645536562
BAT_1738,B,22.077954741157452
BAT_1739,B,25.710553665552435
BAT_1740,B,27.079104070647467
BAT_1741,B,23.81199140663255
BAT_1742,B,23.69612089825798
BAT_1743,B,24.126093893603727
BAT_1744,B,26.09138094469474
BAT_1745,B,22.330764358456967
BAT_1746,B,24.429064168922615
BAT_1747,B,25.755355733608372
BAT_1748,B,24.90196950589172
BAT_1749,B,24.34124690987774
BAT_1750,B,25.801882966620855
BAT_1751,B,19.134181872601374
BAT_1752,B,25.220175575155633
BAT_1753,B,22.82266377037064
BAT_1754,B,20.704860785658376
BAT_1755,B,24.920164679144964
BAT_1756,B,26.472585381293325
BAT_1757,B,23.752592673670154
BAT_1758,B,25.71517418496529
BAT_1759,B,26.902100864379562
BAT_1760,B,26.366846016451284
BAT_1761,B,26.95193615286851
BAT_1762,B,25.335829483929405
BAT_1763,B,24.13578055002287
BAT_1764,B,21.116461538585096
BAT_1765,B,23.557087521366093
BAT_1766,B,22.482156128430855
BAT_1767,B,27.907696891496066
BAT_1768,B,23.683405537621795
BAT_1769,B,24.221768652212074
BAT_1770,B,24.99267367687284
BAT_1771,B,24.078484403470416
BAT_1772,B,27.051091872775356
BAT_1773,B,22.879231148877988
BAT_1774,B,24.350293419427036
BAT_1775,B,22.663552945743515
BAT_1776,B,21.62395947980273
BAT_1777,B,22.898815636370486
BAT_1778,B,23.93333376531286
BAT_1779,B,23.227255995868934
BAT_1780,B,22.75364223622706
BAT_1781,B,21.4686285653907
BAT_1782,B,23.850409969268348
BAT_1783,B,21.291503326744195
BAT_1784,B,25.368100734641285
BAT_1785,B,24.148391555282107
BAT_1786,B,21.376407300963123
BAT_1787,B,23.443423661310245
BAT_1788,B,22.64611846993695
BAT_1789,B,24.574514118754525
BAT_1790,B,26.412810802841662
BAT_1791,B,20.62468955463766
BAT_1792,B,24.20704694246535
BAT_1793,B,23.711760967980048
BAT_1794,B,25.20841213761084
BAT_1795,B,24.38375393082784
BAT_1796,B,22.646455202870126
BAT_1797,B,23.425702915800088
BAT_1798,B,22.56715345775372
BAT_1799,B,25.936812849477477
BAT_1800,B,24.038360967609496
BAT_1801,B,27.422143234355413
BAT_1802,B,23.89081053513368
BAT_1803,B,22.724867819561165
BAT_1804,B,21.27531409329691
BAT_1805,B,20.754348582739297
BAT_1806,B,21.14855530259012
BAT_1807,B,24.48082797182067
BAT_1808,B,24.91570504181388
BAT_1809,B,21.15385673634216
BAT_1810,B,25.611068965337008
BAT_1811,B,23.13049010696981
BAT_1812,B,24.264227421573988
BAT_1813,B,26.901997130859765
BAT_1814,B,25.614310768557957
BAT_1815,B,23.5166448337695
BAT_1816,B,22.395853994252484
BAT_1817,B,20.12673227760725
BAT_1818,B,22.705524025363644
BAT_1819,B,23.61996557011015
BAT_1820,B,22.223076851127868
BAT_1821,B,23.76373745923385
BAT_1822,B,24.138333389325783
BAT_1823,B,23.59525923274546
BAT_1824,B,22.829995354517774
BAT_1825,B,24.30357840954011
BAT_1826,B,24.795493169224937
BAT_1827,B,22.037281660602876
BAT_1828,B,26.539678283543285
BAT_1829,B,23.82254136188833
BAT_1830,B,24.033929321300725
BAT_1831,B,25.274785961861802
BAT_1832,B,24.419789036274302
BAT_1833,B,25.715645941043842
BAT_1834,B,24.516823497363283
BAT_1835,B,22.89761272564721
BAT_1836,B,24.650706345370985
BAT_1837,B,21.94129282682281
BAT_1838,B,24.195407470397743
BAT_1839,B,23.94018601683997
BAT_1840,B,23.62538965690943
BAT_1841,B,23.768632479409924
BAT_1842,B,20.61267171810425
BAT_1843,B,23.01229516606627
BAT_1844,B,24.167120822054006
BAT_1845,B,24.28774150559532
BAT_1846,B,22.150184746333274
BAT_1847,B,26.27827411355646
BAT_1848,B,22.440885273213897
BAT_1849,B,25.745022960948127
BAT_1850,B,24.768949851369033
BAT_1851,B,22.836790842281154
BAT_1852,B,27.19555960669712
BAT_1853,B,21.851453702838334
BAT_1854,B,25.654477512498
BAT_1855,B,25.801048172477362
BAT_1856,B,22.79288362366204
BAT_1857,B,26.50643754011579
BAT_1858,B,23.549916273721884
BAT_1859,B,24.519648532703744
BAT_1860,B,24.468579309788197
BAT_1861,B,23.758244265353014
BAT_1862,B,25.459454891687606
BAT_1863,B,25.428279696993982
BAT_1864,B,20.852642448171274
BAT_1865,B,26.347812437180675
BAT_1866,B,21.007514421535788
BAT_1867,B,25.858583167814984
BAT_1868,B,26.02806924628965
BAT_1869,B,22.036260425612642
BAT_1870,B,23.260534281681746
BAT_1871,B,22.009731596725317
BAT_1872,B,23.613142145480275
BAT_1873,B,23.445538288465666
BAT_1874,B,25.40338895808481
BAT_1875,B,26.358555743015295
BAT_1876,B,26.51223085942192
BAT_1877,B,22.988097552159058
BAT_1878,B,23.62340062725985
BAT_1879,B,20.969811254002288
BAT_1880,B,22.54943388030686
BAT_1881,B,25.736732939575425
BAT_1882,B,26.908049082386817
BAT_1883,B,21.77817203061614
BAT_1884,B,22.93356433352479
BAT_1885,B,23.952469637473932
BAT_1886,B,24.504290085875294
BAT_1887,B,22.542713664141036
BAT_1888,B,24.76330988003536
BAT_1889,B,23.147089175272352
BAT_1890,B,23.9739859124191
BAT_1891,B,24.98331164640666
BAT_1892,B,24.01156008565969
BAT_1893,B,23.214505397052175
BAT_1894,B,23.802702352933505
BAT_1895,B,23.840946673430395
BAT_1896,B,23.33398014621217
BAT_1897,B,23.534167087199215
BAT_1898,B,26.87756490690849
BAT_1899,B,25.00965500629423
BAT_1900,B,23.468135427547512
BAT_1901,B,25.254517928119323
BAT_1902,B,23.39912491843918
BAT_1903,B,26.111624347655955
BAT_1904,B,24.66535594595657
BAT_1905,B,23.806856140792387
BAT_1906,B,24.8058904664585
BAT_1907,B,21.172422926276703
BAT_1908,B,21.97181855596235
BAT_1909,B,21.8509349884817
BAT_1910,B,24.25729757057467
BAT_1911,B,27.118526999073165
BAT_1912,B,28.016340263146738
BAT_1913,B,25.148491982593363
BAT_1914,B,24.901520054900022
BAT_1915,B,20.75809607852507
BAT_1916,B,23.02318716047876
BAT_1917,B,22.58198924656517
BAT_1918,B,22.882474323147992
BAT_1919,B,23.69734112654738
BAT_1920,B,23.150236960145172
BAT_1921,B,20.437260341323583
BAT_1922,B,25.34623846101156
BAT_1923,B,22.06906255366835
BAT_1924,B,24.43064435540007
BAT_1925,B,27.73334880554995
BAT_1926,B,22.34510773514444
BAT_1927,B,19.445482459056606
BAT_1928,B,23.4851924006158
BAT_1929,B,25.981727342997427
BAT_1930,B,27.52502541759707
BAT_1931,B,21.78681072998565
BAT_1932,B,24.89405860182574
BAT_1933,B,23.162441177795905
BAT_1934,B,23.809292962252556
BAT_1935,B,28.75981802463066
BAT_1936,B,21.294653408888724
BAT_1937,B,24.456731390690233
BAT_1938,B,24.84184770917778
BAT_1939,B,25.954415384890826
BAT_1940,B,24.17636967624761
BAT_1941,B,24.554490971107384
BAT_1942,B,23.295032578640775
BAT_1943,B,24.484428494241193
BAT_1944,B,23.38225390410466
BAT_1945,B,25.118829401740893
BAT_1946,B,23.33470139512146
BAT_1947,B,24.678780709023936
BAT_1948,B,23.947326935367037
BAT_1949,B,26.026890451389903
BAT_1950,B,23.907491297540723
BAT_1951,B,20.808541557227613
BAT_1952,B,26.271458701285184
BAT_1953,B,22.369681858447287
BAT_1954,B,22.823220590432125
BAT_1955,B,22.927809670721714
BAT_1956,B,26.473988567707472
BAT_1957,B,20.15578641483835
BAT_1958,B,29.647947360587988
BAT_1959,B,25.900902256318894
BAT_1960,B,24.401830045432487
BAT_1961,B,23.901190798890685
BAT_1962,B,24.51399733474378
BAT_1963,B,24.93802037108281
BAT_1964,B,25.161388054710102
BAT_1965,B,25.000088038806208
BAT_1966,B,24.16124522625945
BAT_1967,B,23.644790843446813
BAT_1968,B,23.72770808942368
BAT_1969,B,23.649165095365174
BAT_1970,B,26.040786174360715
BAT_1971,B,25.06840210010555
BAT_1972,B,18.707300457604298
BAT_1973,B,25.18062139775357
BAT_1974,B,24.350525150493795
BAT_1975,B,23.966324238397384
BAT_1976,B,23.300666784440004
BAT_1977,B,26.023402895974826
BAT_1978,B,25.705547631821144
BAT_1979,B,22.608820197917503
BAT_1980,B,24.732694116824163
BAT_1981,B,22.251017877825685
BAT_1982,B,21.516687303379925
BAT_1983,B,22.871908995738064
BAT_1984,B,25.552308250288966
BAT_1985,B,25.715625081676954
BAT_1986,B,24.923553756175128
BAT_1987,B,25.305172416326396
BAT_1988,B,24.929120916806927
BAT_1989,B,22.845333128598686
BAT_1990,B,24.77746058041309
BAT_1991,B,25.440737145409827
BAT_1992,B,25.357724393664434
BAT_1993,B,26.14004406865436
BAT_1994,B,25.274946924961913
BAT_1995,B,24.63260677357485
BAT_1996,B,25.92627042896957
BAT_1997,B,23.95226173335169
BAT_1998,B,22.412625627790106
BAT_1999,B,23.706479464901225
BAT_2000,B,22.659175239348393
