Emp_ID,Salary_USD,Hoodie_Size
EMP001,58974.0,S
EMP002,53894.0,XL
EMP003,60182.0,S
EMP004,67184.0,L
EMP005,53127.0,M
EMP006,53127.0,L
EMP007,67634.0,L
EMP008,61139.0,S
EMP009,51244.0,L
EMP010,59340.0,S
EMP011,51293.0,S
EMP012,51274.0,M
EMP013,56936.0,L
EMP014,39694.0,L
EMP015,41201.0,M
EMP016,50502.0,L
EMP017,46897.0,S
EMP018,57514.0,XL
EMP019,47736.0,S
EMP020,43702.0,S
EMP021,66725.0,L
EMP022,53194.0,S
EMP023,55540.0,M
EMP024,43602.0,M
EMP025,50645.0,L
EMP026,55887.0,XL
EMP027,45792.0,S
EMP028,58006.0,S
EMP029,50195.0,L
EMP030,52666.0,M
EMP031,50186.0,XL
EMP032,69818.0,L
EMP033,54892.0,M
EMP034,46538.0,L
EMP035,61580.0,L
EMP036,45233.0,L
EMP037,56671.0,S
EMP038,39323.0,XL
EMP039,44375.0,L
EMP040,56575.0,M
EMP041,60908.0,L
EMP042,56371.0,S
EMP043,54075.0,S
EMP044,52591.0,L
EMP045,43172.0,L
EMP046,49241.0,XL
EMP047,51315.0,L
EMP048,63457.0,L
EMP049,57749.0,L
EMP050,40896.0,L
EMP051,57593.0,L
EMP052,51919.0,L
EMP053,49585.0,M
EMP054,59893.0,L
EMP055,63248.0,L
EMP056,62450.0,L
EMP057,48286.0,L
EMP058,52526.0,S
EMP059,57650.0,S
EMP060,62804.0,M
EMP061,51167.0,S
EMP062,53515.0,L
EMP063,46149.0,L
EMP064,45430.0,S
EMP065,61500.0,S
EMP066,65850.0,M
EMP067,54424.0,M
EMP068,63028.0,L
EMP069,57893.0,L
EMP070,49839.0,M
EMP071,57891.0,S
EMP072,67304.0,L
EMP073,54713.0,L
EMP074,67517.0,S
EMP075,34042.0,M
EMP076,61575.0,S
EMP077,55696.0,L
EMP078,52608.0,XL
EMP079,55734.0,XL
EMP080,39099.0,L
EMP081,53243.0,S
EMP082,57857.0,S
EMP083,66823.0,L
EMP084,50854.0,L
EMP085,48532.0,L
EMP086,50986.0,L
EMP087,62323.0,S
EMP088,57630.0,L
EMP089,50762.0,L
EMP090,59106.0,S
EMP091,55777.0,L
EMP092,62749.0,L
EMP093,49384.0,L
EMP094,52379.0,S
EMP095,51863.0,L
EMP096,760946.0,S
EMP097,1288836.0,XL
EMP098,1278317.0,M
EMP099,1201534.0,M
EMP100,1129624.0,M
